datetime,high
2017-12-05,11850.0
2017-12-06,13700.0
2017-12-07,16615.62
2017-12-08,16666.66
2017-12-09,15998.5
2017-12-10,15385.0
2017-12-11,17270.0
2017-12-12,17428.42
2017-12-13,17107.03
2017-12-14,16830.45
2017-12-15,17934.0
2017-12-16,19377.0
2017-12-17,19666.0
2017-12-18,19220.0
2017-12-19,19160.79
2017-12-20,17950.0
2017-12-21,17281.17
2017-12-22,15795.61
2017-12-23,15756.22
2017-12-24,14619.1
2017-12-25,14650.0
2017-12-26,16147.87
2017-12-27,16480.52
2017-12-28,15474.19
2017-12-29,15111.0
2017-12-30,14463.28
2017-12-31,14296.06
2018-01-01,13941.75
2018-01-02,15257.53
2018-01-03,15500.0
2018-01-04,15430.27
2018-01-05,17200.0
2018-01-06,17234.99
2018-01-07,17149.97
2018-01-08,16300.0
2018-01-09,15367.18
2018-01-10,14900.0
2018-01-11,14973.07
2018-01-12,14152.19
2018-01-13,14619.1
2018-01-14,14365.81
2018-01-15,14394.36
2018-01-16,13607.04
2018-01-17,11794.07
2018-01-18,12146.0
2018-01-19,12050.39
2018-01-20,13052.12
2018-01-21,12791.88
2018-01-22,11910.78
2018-01-23,11409.87
2018-01-24,11500.0
2018-01-25,11741.82
2018-01-26,11635.0
2018-01-27,11630.47
2018-01-28,11989.15
2018-01-29,11820.01
2018-01-30,11222.36
2018-01-31,10324.0
2018-02-01,10187.56
2018-02-02,9096.79
2018-02-03,9491.2
2018-02-04,9350.09
2018-02-05,8335.56
2018-02-06,8150.0
2018-02-07,8649.0
2018-02-08,8644.36
2018-02-09,8779.62
2018-02-10,9090.8
2018-02-11,8560.0
2018-02-12,8995.0
2018-02-13,8951.89
2018-02-14,9515.0
2018-02-15,10234.0
2018-02-16,10300.0
2018-02-17,11135.83
2018-02-18,11300.0
2018-02-19,11262.48
2018-02-20,11780.0
2018-02-21,11275.74
2018-02-22,10935.0
2018-02-23,10405.3
2018-02-24,10540.63
2018-02-25,9883.41
2018-02-26,10461.97
2018-02-27,10850.0
2018-02-28,11064.75
2018-03-01,11090.0
2018-03-02,11175.0
2018-03-03,11503.24
2018-03-04,11511.0
2018-03-05,11688.0
2018-03-06,11420.01
2018-03-07,10911.78
2018-03-08,10150.0
2018-03-09,9420.39
2018-03-10,9514.96
2018-03-11,9768.37
2018-03-12,9892.0
2018-03-13,9482.79
2018-03-14,9356.14
2018-03-15,8425.0
2018-03-16,8613.06
2018-03-17,8356.4
2018-03-18,8324.92
2018-03-19,8718.74
2018-03-20,9051.0
2018-03-21,9188.1
2018-03-22,9099.59
2018-03-23,8920.79
2018-03-24,9020.0
2018-03-25,8680.0
2018-03-26,8500.0
2018-03-27,8211.62
2018-03-28,8104.98
2018-03-29,7968.0
2018-03-30,7302.35
2018-03-31,7231.73
2018-04-01,7045.71
2018-04-02,7106.5
2018-04-03,7506.84
2018-04-04,7430.0
2018-04-05,6928.7
2018-04-06,6850.0
2018-04-07,7069.13
2018-04-08,7104.52
2018-04-09,7175.83
2018-04-10,6900.0
2018-04-11,6984.92
2018-04-12,8069.34
2018-04-13,8239.33
2018-04-14,8232.14
2018-04-15,8417.0
2018-04-16,8424.99
2018-04-17,8160.85
2018-04-18,8235.0
2018-04-19,8297.99
2018-04-20,8934.0
2018-04-21,9023.4
2018-04-22,9036.52
2018-04-23,9006.39
2018-04-24,9737.16
2018-04-25,9755.53
2018-04-26,9326.79
2018-04-27,9387.82
2018-04-28,9442.34
2018-04-29,9538.75
2018-04-30,9443.96
2018-05-01,9249.99
2018-05-02,9259.16
2018-05-03,9799.99
2018-05-04,9784.73
2018-05-05,9948.98
2018-05-06,9918.41
2018-05-07,9634.5
2018-05-08,9450.0
2018-05-09,9368.79
2018-05-10,9393.0
2018-05-11,9020.99
2018-05-12,8652.8
2018-05-13,8775.9
2018-05-14,8900.9
2018-05-15,8865.0
2018-05-16,8505.33
2018-05-17,8500.0
2018-05-18,8275.1
2018-05-19,8395.0
2018-05-20,8590.0
2018-05-21,8589.1
2018-05-22,8417.65
2018-05-23,8032.01
2018-05-24,7733.99
2018-05-25,7661.07
2018-05-26,7622.87
2018-05-27,7412.57
2018-05-28,7445.0
2018-05-29,7537.0
2018-05-30,7559.0
2018-05-31,7601.23
2018-06-01,7620.01
2018-06-02,7700.0
2018-06-03,7790.69
2018-06-04,7764.44
2018-06-05,7685.0
2018-06-06,7695.46
2018-06-07,7750.0
2018-06-08,7697.0
2018-06-09,7686.45
2018-06-10,7498.0
2018-06-11,6919.97
2018-06-12,6880.76
2018-06-13,6624.45
2018-06-14,6708.1
2018-06-15,6666.66
2018-06-16,6557.81
2018-06-17,6575.35
2018-06-18,6793.0
2018-06-19,6841.81
2018-06-20,6809.26
2018-06-21,6792.2
2018-06-22,6737.97
2018-06-23,6261.0
2018-06-24,6255.05
2018-06-25,6365.34
2018-06-26,6277.0
2018-06-27,6181.11
2018-06-28,6165.49
2018-06-29,6299.0
2018-06-30,6510.0
2018-07-01,6438.55
2018-07-02,6667.57
2018-07-03,6666.0
2018-07-04,6792.28
2018-07-05,6700.0
2018-07-06,6636.15
2018-07-07,6820.0
2018-07-08,6783.54
2018-07-09,6814.72
2018-07-10,6683.9
2018-07-11,6400.0
2018-07-12,6380.0
2018-07-13,6337.25
2018-07-14,6317.84
2018-07-15,6397.21
2018-07-16,6755.0
2018-07-17,7468.31
2018-07-18,7599.98
2018-07-19,7570.9
2018-07-20,7696.88
2018-07-21,7458.0
2018-07-22,7581.03
2018-07-23,7800.0
2018-07-24,8496.96
2018-07-25,8475.0
2018-07-26,8314.23
2018-07-27,8274.98
2018-07-28,8259.0
2018-07-29,8299.99
2018-07-30,8295.0
2018-07-31,8162.37
2018-08-01,7761.56
2018-08-02,7709.98
2018-08-03,7542.92
2018-08-04,7494.48
2018-08-05,7086.8
2018-08-06,7157.93
2018-08-07,7155.0
2018-08-08,6717.68
2018-08-09,6627.0
2018-08-10,6584.05
2018-08-11,6494.13
2018-08-12,6493.77
2018-08-13,6544.37
2018-08-14,6254.02
2018-08-15,6628.5
2018-08-16,6477.57
2018-08-17,6584.49
2018-08-18,6615.0
2018-08-19,6545.0
2018-08-20,6522.99
2018-08-21,6513.28
2018-08-22,6906.81
2018-08-23,6575.99
2018-08-24,6721.09
2018-08-25,6800.0
2018-08-26,6775.34
2018-08-27,6944.47
2018-08-28,7125.28
2018-08-29,7124.06
2018-08-30,7055.97
2018-08-31,7101.03
2018-09-01,7300.18
2018-09-02,7334.5
2018-09-03,7340.08
2018-09-04,7411.85
2018-09-05,7387.0
2018-09-06,6705.59
2018-09-07,6525.0
2018-09-08,6465.46
2018-09-09,6451.51
2018-09-10,6351.13
2018-09-11,6405.0
2018-09-12,6350.0
2018-09-13,6537.46
2018-09-14,6587.0
2018-09-15,6570.1
2018-09-16,6524.84
2018-09-17,6530.24
2018-09-18,6390.0
2018-09-19,6510.0
2018-09-20,6535.11
2018-09-21,6775.34
2018-09-22,6826.28
2018-09-23,6774.91
2018-09-24,6721.68
2018-09-25,6581.52
2018-09-26,6540.0
2018-09-27,6736.85
2018-09-28,6792.28
2018-09-29,6610.76
2018-09-30,6628.06
2018-10-01,6638.15
2018-10-02,6597.0
2018-10-03,6510.0
2018-10-04,6604.89
2018-10-05,6641.35
2018-10-06,6595.69
2018-10-07,6600.0
2018-10-08,6656.63
2018-10-09,6623.14
2018-10-10,6589.79
2018-10-11,6520.43
2018-10-12,6243.79
2018-10-13,6219.77
2018-10-14,6349.47
2018-10-15,6756.0
2018-10-16,6493.77
2018-10-17,6465.39
2018-10-18,6490.0
2018-10-19,6412.4
2018-10-20,6424.16
2018-10-21,6470.0
2018-10-22,6429.23
2018-10-23,6421.58
2018-10-24,6473.0
2018-10-25,6422.73
2018-10-26,6450.3
2018-10-27,6420.01
2018-10-28,6420.0
2018-10-29,6420.0
2018-10-30,6289.0
2018-10-31,6350.0
2018-11-01,6365.33
2018-11-02,6381.25
2018-11-03,6351.74
2018-11-04,6475.0
2018-11-05,6441.43
2018-11-06,6460.01
2018-11-07,6544.0
2018-11-08,6511.27
2018-11-09,6418.18
2018-11-10,6377.26
2018-11-11,6365.0
2018-11-12,6388.21
2018-11-13,6328.36
2018-11-14,6298.47
2018-11-15,5641.0
2018-11-16,5610.0
2018-11-17,5550.66
2018-11-18,5658.47
2018-11-19,5559.69
2018-11-20,4897.36
2018-11-21,4635.0
2018-11-22,4589.53
2018-11-23,4364.46
2018-11-24,4376.88
2018-11-25,4120.0
2018-11-26,4069.59
2018-11-27,3834.35
2018-11-28,4355.08
2018-11-29,4409.77
2018-11-30,4300.0
2018-12-01,4264.47
2018-12-02,4265.0
2018-12-03,4115.15
2018-12-04,4033.98
2018-12-05,3913.62
2018-12-06,3844.79
2018-12-07,3531.0
2018-12-08,3495.99
2018-12-09,3633.2
2018-12-10,3588.43
2018-12-11,3427.27
2018-12-12,3490.0
2018-12-13,3441.13
2018-12-14,3294.81
2018-12-15,3230.0
2018-12-16,3259.43
2018-12-17,3590.0
2018-12-18,3684.0
2018-12-19,3924.01
2018-12-20,4172.07
2018-12-21,4162.0
2018-12-22,4010.16
2018-12-23,4051.0
2018-12-24,4236.84
2018-12-25,4049.23
2018-12-26,3863.34
2018-12-27,3841.17
2018-12-28,3970.0
2018-12-29,3961.85
2018-12-30,3870.0
2018-12-31,3842.89
2019-01-01,3845.46
2019-01-02,3918.67
2019-01-03,3893.4
2019-01-04,3850.33
2019-01-05,3887.09
2019-01-06,4090.0
2019-01-07,4070.0
2019-01-08,4112.0
2019-01-09,4060.0
2019-01-10,4036.22
2019-01-11,3704.6
2019-01-12,3650.35
2019-01-13,3654.02
2019-01-14,3714.0
2019-01-15,3687.02
2019-01-16,3669.0
2019-01-17,3660.0
2019-01-18,3641.9
2019-01-19,3774.0
2019-01-20,3703.27
2019-01-21,3573.29
2019-01-22,3615.8
2019-01-23,3620.23
2019-01-24,3598.0
2019-01-25,3578.79
2019-01-26,3657.89
2019-01-27,3564.12
2019-01-28,3536.77
2019-01-29,3438.76
2019-01-30,3465.05
2019-01-31,3474.2
2019-02-01,3460.0
2019-02-02,3485.0
2019-02-03,3476.33
2019-02-04,3439.46
2019-02-05,3435.0
2019-02-06,3445.6
2019-02-07,3383.29
2019-02-08,3711.04
2019-02-09,3639.74
2019-02-10,3662.43
2019-02-11,3652.56
2019-02-12,3619.93
2019-02-13,3629.81
2019-02-14,3590.74
2019-02-15,3620.53
2019-02-16,3609.0
2019-02-17,3663.34
2019-02-18,3916.47
2019-02-19,4000.0
2019-02-20,3967.52
2019-02-21,3989.99
2019-02-22,3957.0
2019-02-23,4157.87
2019-02-24,4190.0
2019-02-25,3861.81
2019-02-26,3830.0
2019-02-27,3822.85
2019-02-28,3897.62
2019-03-01,3845.3
2019-03-02,3818.75
2019-03-03,3822.39
2019-03-04,3806.9
2019-03-05,3877.1
2019-03-06,3895.12
2019-03-07,3891.04
2019-03-08,3924.37
2019-03-09,3950.25
2019-03-10,3916.43
2019-03-11,3912.89
2019-03-12,3877.69
2019-03-13,3874.68
2019-03-14,3903.98
2019-03-15,3912.06
2019-03-16,4040.0
2019-03-17,3992.42
2019-03-18,4016.63
2019-03-19,4012.63
2019-03-20,4050.0
2019-03-21,4055.35
2019-03-22,4000.81
2019-03-23,4001.17
2019-03-24,3982.52
2019-03-25,3980.22
2019-03-26,3936.36
2019-03-27,4037.11
2019-03-28,4025.56
2019-03-29,4102.57
2019-03-30,4130.36
2019-03-31,4101.7
2019-04-01,4150.0
2019-04-02,5080.0
2019-04-03,5345.0
2019-04-04,5077.35
2019-04-05,5067.62
2019-04-06,5240.0
2019-04-07,5253.49
2019-04-08,5347.37
2019-04-09,5288.95
2019-04-10,5466.06
2019-04-11,5344.31
2019-04-12,5122.48
2019-04-13,5122.01
2019-04-14,5185.26
2019-04-15,5192.01
2019-04-16,5231.96
2019-04-17,5275.07
2019-04-18,5325.0
2019-04-19,5357.96
2019-04-20,5362.97
2019-04-21,5346.91
2019-04-22,5439.12
2019-04-23,5627.0
2019-04-24,5623.3
2019-04-25,5510.0
2019-04-26,5291.48
2019-04-27,5218.31
2019-04-28,5213.23
2019-04-29,5191.96
2019-04-30,5287.4
2019-05-01,5357.96
2019-05-02,5422.94
2019-05-03,5796.56
2019-05-04,5846.13
2019-05-05,5782.55
2019-05-06,5755.79
2019-05-07,5970.0
2019-05-08,5986.0
2019-05-09,6172.0
2019-05-10,6426.8
2019-05-11,7445.0
2019-05-12,7585.0
2019-05-13,8167.5
2019-05-14,8335.56
2019-05-15,8300.0
2019-05-16,8390.95
2019-05-17,7942.09
2019-05-18,7493.85
2019-05-19,8299.99
2019-05-20,8200.0
2019-05-21,8117.48
2019-05-22,8049.22
2019-05-23,7980.0
2019-05-24,8188.87
2019-05-25,8158.45
2019-05-26,8802.29
2019-05-27,8939.18
2019-05-28,8817.41
2019-05-29,8762.39
2019-05-30,9096.79
2019-05-31,8589.99
2019-06-01,8624.72
2019-06-02,8833.97
2019-06-03,8745.96
2019-06-04,8103.64
2019-06-05,7924.48
2019-06-06,7878.62
2019-06-07,8134.99
2019-06-08,8061.12
2019-06-09,7966.58
2019-06-10,8090.0
2019-06-11,8057.32
2019-06-12,8266.0
2019-06-13,8335.56
2019-06-14,8737.37
2019-06-15,8911.98
2019-06-16,9391.85
2019-06-17,9477.7
2019-06-18,9361.87
2019-06-19,9325.85
2019-06-20,9600.0
2019-06-21,10229.49
2019-06-22,11200.0
2019-06-23,11247.62
2019-06-24,11099.0
2019-06-25,11796.37
2019-06-26,13880.0
2019-06-27,13355.61
2019-06-28,12447.46
2019-06-29,12386.76
2019-06-30,12200.06
2019-07-01,11200.41
2019-07-02,10942.63
2019-07-03,12009.0
2019-07-04,12061.04
2019-07-05,11440.0
2019-07-06,11735.0
2019-07-07,11627.0
2019-07-08,12398.0
2019-07-09,12883.48
2019-07-10,13200.0
2019-07-11,12104.97
2019-07-12,11942.39
2019-07-13,11846.61
2019-07-14,11467.3
2019-07-15,11080.37
2019-07-16,11042.11
2019-07-17,9993.0
2019-07-18,10797.0
2019-07-19,10776.99
2019-07-20,11120.0
2019-07-21,10839.09
2019-07-22,10686.89
2019-07-23,10328.83
2019-07-24,9911.5
2019-07-25,10187.0
2019-07-26,9897.46
2019-07-27,10235.0
2019-07-28,9634.5
2019-07-29,9725.17
2019-07-30,9775.0
2019-07-31,10143.2
2019-08-01,10499.0
2019-08-02,10670.0
2019-08-03,10919.0
2019-08-04,11085.99
2019-08-05,11959.36
2019-08-06,12325.0
2019-08-07,12145.42
2019-08-08,12061.1
2019-08-09,12040.0
2019-08-10,11976.68
2019-08-11,11589.73
2019-08-12,11551.57
2019-08-13,11446.94
2019-08-14,10862.28
2019-08-15,10444.66
2019-08-16,10540.0
2019-08-17,10472.93
2019-08-18,10515.0
2019-08-19,10940.0
2019-08-20,10955.48
2019-08-21,10807.54
2019-08-22,10238.29
2019-08-23,10479.0
2019-08-24,10432.0
2019-08-25,10355.89
2019-08-26,10650.0
2019-08-27,10375.53
2019-08-28,10280.71
2019-08-29,9720.2
2019-08-30,9700.0
2019-08-31,9682.73
2019-09-01,9832.0
2019-09-02,10471.0
2019-09-03,10783.0
2019-09-04,10834.15
2019-09-05,10664.13
2019-09-06,10949.0
2019-09-07,10580.0
2019-09-08,10594.88
2019-09-09,10542.93
2019-09-10,10390.09
2019-09-11,10243.01
2019-09-12,10465.0
2019-09-13,10458.13
2019-09-14,10441.47
2019-09-15,10383.2
2019-09-16,10378.07
2019-09-17,10280.53
2019-09-18,10263.65
2019-09-19,10380.07
2019-09-20,10308.04
2019-09-21,10180.43
2019-09-22,10093.24
2019-09-23,10048.06
2019-09-24,9782.0
2019-09-25,8746.83
2019-09-26,8467.89
2019-09-27,8294.04
2019-09-28,8356.4
2019-09-29,8244.07
2019-09-30,8368.5
2019-10-01,8531.25
2019-10-02,8393.39
2019-10-03,8419.23
2019-10-04,8244.93
2019-10-05,8195.0
2019-10-06,8176.46
2019-10-07,8313.7
2019-10-08,8344.12
2019-10-09,8707.8
2019-10-10,8666.84
2019-10-11,8820.0
2019-10-12,8427.76
2019-10-13,8474.48
2019-10-14,8416.67
2019-10-15,8420.85
2019-10-16,8179.1
2019-10-17,8130.71
2019-10-18,8120.77
2019-10-19,8096.76
2019-10-20,8314.77
2019-10-21,8352.0
2019-10-22,8314.77
2019-10-23,8052.04
2019-10-24,7512.0
2019-10-25,8784.29
2019-10-26,10350.0
2019-10-27,9819.92
2019-10-28,9950.0
2019-10-29,9573.35
2019-10-30,9437.06
2019-10-31,9438.61
2019-11-01,9303.53
2019-11-02,9396.91
2019-11-03,9384.32
2019-11-04,9586.5
2019-11-05,9485.0
2019-11-06,9448.19
2019-11-07,9373.48
2019-11-08,9253.39
2019-11-09,8876.94
2019-11-10,9142.33
2019-11-11,9075.32
2019-11-12,8872.47
2019-11-13,8839.46
2019-11-14,8791.78
2019-11-15,8799.03
2019-11-16,8539.53
2019-11-17,8631.6
2019-11-18,8508.4
2019-11-19,8197.77
2019-11-20,8231.04
2019-11-21,8116.92
2019-11-22,7714.7
2019-11-23,7356.49
2019-11-24,7349.68
2019-11-25,7380.0
2019-11-26,7344.91
2019-11-27,7676.27
2019-11-28,7659.92
2019-11-29,7870.35
2019-11-30,7815.0
2019-12-01,7560.2
2019-12-02,7431.07
2019-12-03,7415.0
2019-12-04,7772.71
2019-12-05,7500.0
2019-12-06,7618.99
2019-12-07,7638.88
2019-12-08,7580.0
2019-12-09,7666.0
2019-12-10,7400.0
2019-12-11,7271.0
2019-12-12,7296.19
2019-12-13,7302.35
2019-12-14,7269.0
2019-12-15,7225.23
2019-12-16,7147.91
2019-12-17,6938.77
2019-12-18,7449.68
2019-12-19,7372.12
2019-12-20,7218.11
2019-12-21,7194.13
2019-12-22,7530.0
2019-12-23,7692.98
2019-12-24,7431.1
2019-12-25,7266.81
2019-12-26,7432.0
2019-12-27,7255.37
2019-12-28,7349.65
2019-12-29,7524.46
2019-12-30,7385.54
2019-12-31,7302.35
2020-01-01,7237.35
2020-01-02,7184.94
2020-01-03,7402.31
2020-01-04,7396.1
2020-01-05,7495.0
2020-01-06,7817.0
2020-01-07,8220.0
2020-01-08,8463.57
2020-01-09,8048.94
2020-01-10,8200.0
2020-01-11,8286.0
2020-01-12,8190.0
2020-01-13,8196.81
2020-01-14,8895.0
2020-01-15,8903.2
2020-01-16,8852.35
2020-01-17,9015.22
2020-01-18,9000.1
2020-01-19,9188.1
2020-01-20,8740.54
2020-01-21,8778.66
2020-01-22,8792.98
2020-01-23,8665.95
2020-01-24,8530.7
2020-01-25,8437.47
2020-01-26,8600.0
2020-01-27,9004.35
2020-01-28,9413.24
2020-01-29,9443.96
2020-01-30,9570.0
2020-01-31,9529.35
2020-02-01,9464.16
2020-02-02,9474.28
2020-02-03,9615.0
2020-02-04,9348.6
2020-02-05,9775.0
2020-02-06,9859.57
2020-02-07,9878.0
2020-02-08,9948.97
2020-02-09,10178.54
2020-02-10,10199.85
2020-02-11,10383.9
2020-02-12,10495.0
2020-02-13,10500.5
2020-02-14,10398.0
2020-02-15,10408.04
2020-02-16,10051.24
2020-02-17,9973.45
2020-02-18,10288.0
2020-02-19,10300.0
2020-02-20,9706.27
2020-02-21,9773.2
2020-02-22,9722.39
2020-02-23,10024.08
2020-02-24,10027.66
2020-02-25,9682.73
2020-02-26,9369.99
2020-02-27,8974.75
2020-02-28,8900.94
2020-02-29,8805.06
2020-03-01,8756.11
2020-03-02,8980.34
2020-03-03,8921.8
2020-03-04,8850.0
2020-03-05,9169.0
2020-03-06,9187.85
2020-03-07,9219.13
2020-03-08,8901.12
2020-03-09,8191.13
2020-03-10,8158.42
2020-03-11,7988.78
2020-03-12,7969.9
2020-03-13,5990.35
2020-03-14,5663.01
2020-03-15,5965.77
2020-03-16,5353.04
2020-03-17,5569.9
2020-03-18,5452.43
2020-03-19,6433.98
2020-03-20,7139.0
2020-03-21,6461.91
2020-03-22,6419.0
2020-03-23,6629.79
2020-03-24,6893.0
2020-03-25,6989.04
2020-03-26,6798.89
2020-03-27,6872.67
2020-03-28,6376.03
2020-03-29,6278.24
2020-03-30,6630.0
2020-03-31,6527.24
2020-04-01,6710.21
2020-04-02,7236.39
2020-04-03,7047.96
2020-04-04,7014.0
2020-04-05,6914.01
2020-04-06,7376.59
2020-04-07,7469.0
2020-04-08,7428.95
2020-04-09,7376.59
2020-04-10,7306.1
2020-04-11,6955.59
2020-04-12,7201.76
2020-04-13,6914.01
2020-04-14,6991.0
2020-04-15,6940.0
2020-04-16,7224.18
2020-04-17,7158.22
2020-04-18,7306.15
2020-04-19,7276.21
2020-04-20,7220.0
2020-04-21,6950.98
2020-04-22,7171.26
2020-04-23,7756.69
2020-04-24,7612.91
2020-04-25,7723.77
2020-04-26,7718.0
2020-04-27,7813.68
2020-04-28,7798.42
2020-04-29,8970.0
2020-04-30,9485.26
2020-05-01,9075.0
2020-05-02,9022.0
2020-05-03,9207.82
2020-05-04,8974.34
2020-05-05,9120.0
2020-05-06,9417.95
2020-05-07,10074.0
2020-05-08,10048.38
2020-05-09,9914.0
2020-05-10,9565.2
2020-05-11,9182.97
2020-05-12,8984.87
2020-05-13,9418.46
2020-05-14,9945.34
2020-05-15,9844.66
2020-05-16,9590.0
2020-05-17,9894.88
2020-05-18,9966.12
2020-05-19,9903.89
2020-05-20,9843.87
2020-05-21,9573.29
2020-05-22,9272.97
2020-05-23,9316.12
2020-05-24,9310.91
2020-05-25,8984.16
2020-05-26,9012.0
2020-05-27,9230.21
2020-05-28,9625.01
2020-05-29,9610.0
2020-05-30,9758.27
2020-05-31,9711.7
2020-06-01,10429.26
2020-06-02,10241.26
2020-06-03,9699.95
2020-06-04,9888.0
2020-06-05,9856.48
2020-06-06,9744.39
2020-06-07,9829.31
2020-06-08,9813.67
2020-06-09,9897.46
2020-06-10,10011.4
2020-06-11,9981.24
2020-06-12,9555.0
2020-06-13,9500.0
2020-06-14,9479.59
2020-06-15,9505.4
2020-06-16,9596.31
2020-06-17,9566.53
2020-06-18,9478.69
2020-06-19,9429.99
2020-06-20,9400.0
2020-06-21,9421.26
2020-06-22,9798.76
2020-06-23,9725.3
2020-06-24,9666.35
2020-06-25,9343.49
2020-06-26,9289.71
2020-06-27,9189.0
2020-06-28,9191.72
2020-06-29,9240.36
2020-06-30,9201.95
2020-07-01,9300.0
2020-07-02,9268.54
2020-07-03,9127.11
2020-07-04,9196.0
2020-07-05,9147.37
2020-07-06,9376.34
2020-07-07,9385.81
2020-07-08,9479.57
2020-07-09,9448.5
2020-07-10,9318.92
2020-07-11,9304.95
2020-07-12,9347.76
2020-07-13,9351.17
2020-07-14,9282.08
2020-07-15,9276.98
2020-07-16,9217.5
2020-07-17,9184.28
2020-07-18,9214.63
2020-07-19,9243.36
2020-07-20,9224.73
2020-07-21,9442.89
2020-07-22,9573.0
2020-07-23,9690.0
2020-07-24,9650.55
2020-07-25,9751.82
2020-07-26,10200.0
2020-07-27,11417.11
2020-07-28,11263.85
2020-07-29,11358.47
2020-07-30,11189.0
2020-07-31,11457.95
2020-08-01,11883.36
2020-08-02,12100.0
2020-08-03,11480.0
2020-08-04,11420.0
2020-08-05,11795.86
2020-08-06,11913.5
2020-08-07,11920.0
2020-08-08,11817.95
2020-08-09,11808.28
2020-08-10,12080.0
2020-08-11,11945.05
2020-08-12,11625.0
2020-08-13,11806.61
2020-08-14,11862.0
2020-08-15,11986.93
2020-08-16,11938.55
2020-08-17,12473.0
2020-08-18,12408.53
2020-08-19,12022.18
2020-08-20,11894.12
2020-08-21,11887.67
2020-08-22,11694.02
2020-08-23,11715.09
2020-08-24,11832.55
2020-08-25,11772.22
2020-08-26,11549.8
2020-08-27,11602.92
2020-08-28,11555.61
2020-08-29,11592.0
2020-08-30,11715.69
2020-08-31,11780.0
2020-09-01,12065.82
2020-09-02,11956.45
2020-09-03,11477.35
2020-09-04,10646.75
2020-09-05,10567.9
2020-09-06,10353.39
2020-09-07,10415.66
2020-09-08,10446.18
2020-09-09,10353.39
2020-09-10,10495.75
2020-09-11,10409.44
2020-09-12,10482.42
2020-09-13,10576.78
2020-09-14,10765.03
2020-09-15,10940.01
2020-09-16,11100.0
2020-09-17,11054.0
2020-09-18,11040.18
2020-09-19,11183.01
2020-09-20,11079.25
2020-09-21,10996.98
2020-09-22,10573.05
2020-09-23,10541.39
2020-09-24,10795.53
2020-09-25,10762.65
2020-09-26,10830.0
2020-09-27,10807.14
2020-09-28,10950.0
2020-09-29,10865.0
2020-09-30,10847.5
2020-10-01,10940.22
2020-10-02,10667.53
2020-10-03,10605.79
2020-10-04,10699.88
2020-10-05,10805.82
2020-10-06,10801.86
2020-10-07,10682.56
2020-10-08,10957.0
2020-10-09,11118.49
2020-10-10,11496.06
2020-10-11,11447.44
2020-10-12,11731.7
2020-10-13,11567.4
2020-10-14,11555.1
2020-10-15,11623.6
2020-10-16,11548.65
2020-10-17,11415.48
2020-10-18,11526.34
2020-10-19,11840.0
2020-10-20,12059.94
2020-10-21,13235.0
2020-10-22,13208.25
2020-10-23,13037.26
2020-10-24,13182.83
2020-10-25,13363.53
2020-10-26,13250.0
2020-10-27,13788.0
2020-10-28,13864.89
2020-10-29,13650.0
2020-10-30,13675.56
2020-10-31,14100.0
2020-11-01,13907.47
2020-11-02,13842.5
2020-11-03,14083.76
2020-11-04,14277.5
2020-11-05,15770.58
2020-11-06,15968.98
2020-11-07,15778.6
2020-11-08,15664.9
2020-11-09,15854.48
2020-11-10,15482.76
2020-11-11,15991.01
2020-11-12,16369.99
2020-11-13,16494.52
2020-11-14,16341.89
2020-11-15,16170.0
2020-11-16,16894.93
2020-11-17,17868.0
2020-11-18,18483.0
2020-11-19,18189.97
2020-11-20,18824.88
2020-11-21,18977.0
2020-11-22,18770.55
2020-11-23,18786.31
2020-11-24,19442.13
2020-11-25,19490.0
2020-11-26,18911.04
2020-11-27,17471.89
2020-11-28,17896.03
2020-11-29,18352.47
2020-11-30,19864.15
2020-12-01,19918.01
2020-12-02,19346.9
2020-12-03,19621.0
2020-12-04,19552.5
2020-12-05,19185.17
2020-12-06,19418.39
2020-12-07,19431.0
2020-12-08,19300.55
2020-12-09,18654.92
2020-12-10,18562.13
2020-12-11,18290.43
2020-12-12,18956.46
2020-12-13,19416.64
2020-12-14,19346.9
2020-12-15,19567.84
2020-12-16,21576.76
2020-12-17,23777.0
2020-12-18,23284.68
2020-12-19,24217.38
2020-12-20,24298.04
2020-12-21,24123.83
2020-12-22,23843.21
2020-12-23,24096.9
2020-12-24,23779.14
2020-12-25,24777.0
2020-12-26,26809.5
2020-12-27,28377.94
2020-12-28,27473.49
2020-12-29,27395.0
2020-12-30,29010.32
2020-12-31,29300.0
2021-01-01,29700.0
2021-01-02,33333.0
2021-01-03,34800.0
2021-01-04,33669.76
2021-01-05,34500.0
2021-01-06,37050.83
2021-01-07,40402.46
2021-01-08,42000.0
2021-01-09,41422.77
2021-01-10,41450.0
2021-01-11,38261.39
2021-01-12,36639.23
2021-01-13,37800.0
2021-01-14,40112.78
2021-01-15,39694.0
2021-01-16,37944.12
2021-01-17,36839.0
2021-01-18,37449.86
2021-01-19,37874.71
2021-01-20,36440.1
2021-01-21,35620.96
2021-01-22,33864.85
2021-01-23,33468.46
2021-01-24,33075.75
2021-01-25,34888.0
2021-01-26,32953.28
2021-01-27,32580.12
2021-01-28,33870.58
2021-01-29,38620.0
2021-01-30,34931.39
2021-01-31,34380.21
2021-02-01,34736.1
2021-02-02,36008.67
2021-02-03,37732.87
2021-02-04,38748.52
2021-02-05,38359.69
2021-02-06,41025.48
2021-02-07,39727.44
2021-02-08,46712.12
2021-02-09,48216.09
2021-02-10,47364.09
2021-02-11,48696.84
2021-02-12,49000.0
2021-02-13,48220.0
2021-02-14,49714.66
2021-02-15,49048.82
2021-02-16,50602.53
2021-02-17,52640.0
2021-02-18,52566.98
2021-02-19,56399.99
2021-02-20,57553.81
2021-02-21,58354.14
2021-02-22,57564.19
2021-02-23,54196.58
2021-02-24,51459.51
2021-02-25,52079.16
2021-02-26,48476.62
2021-02-27,48365.31
2021-02-28,46659.88
2021-03-01,49831.52
2021-03-02,50250.0
2021-03-03,52652.82
2021-03-04,51817.54
2021-03-05,49471.24
2021-03-06,49200.0
2021-03-07,51477.53
2021-03-08,52427.8
2021-03-09,54939.26
2021-03-10,57402.89
2021-03-11,58155.99
2021-03-12,58098.5
2021-03-13,61781.83
2021-03-14,61700.0
2021-03-15,60595.13
2021-03-16,56950.0
2021-03-17,58968.8
2021-03-18,60083.25
2021-03-19,59450.95
2021-03-20,59957.0
2021-03-21,58632.52
2021-03-22,58461.78
2021-03-23,55866.44
2021-03-24,57207.33
2021-03-25,53271.59
2021-03-26,55114.86
2021-03-27,56686.15
2021-03-28,56573.04
2021-03-29,58402.68
2021-03-30,59388.66
2021-03-31,59816.17
2021-04-01,59490.0
2021-04-02,60103.04
2021-04-03,59801.39
2021-04-04,58501.0
2021-04-05,59280.0
2021-04-06,59473.9
2021-04-07,58668.0
2021-04-08,58145.49
2021-04-09,58890.25
2021-04-10,61222.22
2021-04-11,60679.0
2021-04-12,61234.56
2021-04-13,63769.0
2021-04-14,64895.22
2021-04-15,63855.37
2021-04-16,63580.4
2021-04-17,62596.48
2021-04-18,60433.81
2021-04-19,57633.0
2021-04-20,57119.0
2021-04-21,56850.0
2021-04-22,55491.8
2021-04-23,52131.34
2021-04-24,51227.38
2021-04-25,50608.94
2021-04-26,54404.78
2021-04-27,55519.37
2021-04-28,56500.0
2021-04-29,55239.33
2021-04-30,58008.0
2021-05-01,58549.0
2021-05-02,57967.01
2021-05-03,59000.0
2021-05-04,57250.85
2021-05-05,57976.62
2021-05-06,58420.83
2021-05-07,58743.85
2021-05-08,59564.24
2021-05-09,59300.62
2021-05-10,59603.0
2021-05-11,56972.33
2021-05-12,58021.26
2021-05-13,51420.72
2021-05-14,51572.0
2021-05-15,50710.93
2021-05-16,49800.0
2021-05-17,46648.5
2021-05-18,45872.05
2021-05-19,43601.63
2021-05-20,43000.0
2021-05-21,42297.89
2021-05-22,38887.99
2021-05-23,38311.74
2021-05-24,39960.0
2021-05-25,40000.0
2021-05-26,40904.0
2021-05-27,40429.47
2021-05-28,38905.12
2021-05-29,37348.01
2021-05-30,36516.99
2021-05-31,37540.96
2021-06-01,37927.44
2021-06-02,38256.3
2021-06-03,39490.0
2021-06-04,39277.36
2021-06-05,37927.93
2021-06-06,36510.58
2021-06-07,36808.3
2021-06-08,34085.61
2021-06-09,37556.25
2021-06-10,38446.24
2021-06-11,37680.65
2021-06-12,37445.55
2021-06-13,39386.43
2021-06-14,41050.0
2021-06-15,41341.57
2021-06-16,40506.59
2021-06-17,39553.05
2021-06-18,38208.68
2021-06-19,36440.0
2021-06-20,36125.0
2021-06-21,35763.8
2021-06-22,33315.85
2021-06-23,35000.0
2021-06-24,35289.0
2021-06-25,35517.22
2021-06-26,32714.46
2021-06-27,34772.94
2021-06-28,35357.13
2021-06-29,36623.79
2021-06-30,36099.82
2021-07-01,35071.34
2021-07-02,33981.51
2021-07-03,34959.72
2021-07-04,35960.0
2021-07-05,35289.21
2021-07-06,35100.49
2021-07-07,35059.02
2021-07-08,33943.02
2021-07-09,34115.44
2021-07-10,34261.04
2021-07-11,34635.82
2021-07-12,34677.0
2021-07-13,33340.0
2021-07-14,33111.72
2021-07-15,33179.0
2021-07-16,32264.53
2021-07-17,31950.0
2021-07-18,32440.98
2021-07-19,31881.71
2021-07-20,31068.62
2021-07-21,32875.42
2021-07-22,32609.83
2021-07-23,33684.17
2021-07-24,34534.32
2021-07-25,35448.97
2021-07-26,40581.3
2021-07-27,39539.5
2021-07-28,40927.53
2021-07-29,40662.8
2021-07-30,42335.5
2021-07-31,42411.32
2021-08-01,42614.85
2021-08-02,40459.31
2021-08-03,39792.83
2021-08-04,39973.94
2021-08-05,41401.96
2021-08-06,43381.0
2021-08-07,44763.14
2021-08-08,45355.0
2021-08-09,46529.02
2021-08-10,46759.0
2021-08-11,46787.6
2021-08-12,46236.7
2021-08-13,47929.18
2021-08-14,48190.0
2021-08-15,47424.0
2021-08-16,48075.22
2021-08-17,47183.37
2021-08-18,46041.62
2021-08-19,47114.99
2021-08-20,49436.1
2021-08-21,49833.02
2021-08-22,49540.01
2021-08-23,50562.11
2021-08-24,49893.5
2021-08-25,49273.93
2021-08-26,49387.6
2021-08-27,49187.0
2021-08-28,49325.0
2021-08-29,49666.0
2021-08-30,48915.29
2021-08-31,48270.33
2021-09-01,49134.0
2021-09-02,50390.0
2021-09-03,51050.0
2021-09-04,50570.94
2021-09-05,51900.0
2021-09-06,52810.0
2021-09-07,52956.47
2021-09-08,47386.72
2021-09-09,47419.95
2021-09-10,47029.08
2021-09-11,45993.32
2021-09-12,46491.63
2021-09-13,46895.82
2021-09-14,47273.38
2021-09-15,48465.77
2021-09-16,48505.0
2021-09-17,48179.0
2021-09-18,48834.0
2021-09-19,48389.52
2021-09-20,47334.54
2021-09-21,43643.34
2021-09-22,44031.85
2021-09-23,45013.17
2021-09-24,45159.9
2021-09-25,43010.69
2021-09-26,43956.38
2021-09-27,44377.7
2021-09-28,42778.93
2021-09-29,42595.93
2021-09-30,44117.74
2021-10-01,48500.0
2021-10-02,48361.83
2021-10-03,49225.55
2021-10-04,49530.53
2021-10-05,51914.68
2021-10-06,55800.0
2021-10-07,55360.32
2021-10-08,56168.0
2021-10-09,55512.05
2021-10-10,56561.0
2021-10-11,57855.79
2021-10-12,57701.0
2021-10-13,57773.89
2021-10-14,58550.0
2021-10-15,62944.94
2021-10-16,62352.0
2021-10-17,61712.0
2021-10-18,62679.0
2021-10-19,64499.0
2021-10-20,67016.5
2021-10-21,66664.1
2021-10-22,63757.28
2021-10-23,61737.38
2021-10-24,61497.33
2021-10-25,63733.93
2021-10-26,63299.3
2021-10-27,61489.0
2021-10-28,62524.0
2021-10-29,62971.54
2021-10-30,62376.32
2021-10-31,62438.85
2021-11-01,62500.0
2021-11-02,64300.0
2021-11-03,63567.21
2021-11-04,63136.82
2021-11-05,62666.52
2021-11-06,61609.5
2021-11-07,63300.0
2021-11-08,67803.55
2021-11-09,68564.4
2021-11-10,69000.0
2021-11-11,65625.44
2021-11-12,65497.53
2021-11-13,64980.0
2021-11-14,65509.87
2021-11-15,66387.4
2021-11-16,63628.0
2021-11-17,60888.5
2021-11-18,60978.39
2021-11-19,58402.05
2021-11-20,59896.54
2021-11-21,60090.55
2021-11-22,59516.78
2021-11-23,57897.54
2021-11-24,57750.2
2021-11-25,59445.45
2021-11-26,59207.36
2021-11-27,55382.0
2021-11-28,57482.42
2021-11-29,58931.07
2021-11-30,59250.0
2021-12-01,59099.64
2021-12-02,57413.52
2021-12-03,57652.0
2021-12-04,54028.3
2021-12-05,49777.62
2021-12-06,50986.0
2021-12-07,51991.0
2021-12-08,51249.41
2021-12-09,50839.01
2021-12-10,50132.88
2021-12-11,49539.4
2021-12-12,50800.0
2021-12-13,50226.2
2021-12-14,48689.3
2021-12-15,49514.85
2021-12-16,49449.0
2021-12-17,48018.52
2021-12-18,47370.14
2021-12-19,48307.34
2021-12-20,47547.5
2021-12-21,49353.49
2021-12-22,49600.0
2021-12-23,51386.66
2021-12-24,51864.56
2021-12-25,51179.36
2021-12-26,51292.65
2021-12-27,52098.6
2021-12-28,50719.59
2021-12-29,48157.41
2021-12-30,47916.32
2021-12-31,48589.47
2022-01-01,47960.98
2022-01-02,47989.0
2022-01-03,47586.58
2022-01-04,47526.0
2022-01-05,46855.06
2022-01-06,43782.86
2022-01-07,43135.35
2022-01-08,42315.31
2022-01-09,42796.49
2022-01-10,42256.55
2022-01-11,43144.74
2022-01-12,44337.26
2022-01-13,44456.34
2022-01-14,43468.95
2022-01-15,43826.8
2022-01-16,43495.59
2022-01-17,43209.47
2022-01-18,42685.25
2022-01-19,42589.9
2022-01-20,43518.69
2022-01-21,41115.58
2022-01-22,36825.98
2022-01-23,36574.47
2022-01-24,38050.0
2022-01-25,37552.3
2022-01-26,38946.0
2022-01-27,37251.0
2022-01-28,38022.11
2022-01-29,38741.67
2022-01-30,38378.88
2022-01-31,38776.33
2022-02-01,39285.0
2022-02-02,38883.96
2022-02-03,37391.74
2022-02-04,41760.39
2022-02-05,41983.12
2022-02-06,42701.86
2022-02-07,44524.18
2022-02-08,45501.0
2022-02-09,44865.72
2022-02-10,45850.0
2022-02-11,43969.72
2022-02-12,43034.0
2022-02-13,42779.6
2022-02-14,42871.68
2022-02-15,44785.66
2022-02-16,44590.75
2022-02-17,44204.78
2022-02-18,40996.31
2022-02-19,40471.27
2022-02-20,40151.62
2022-02-21,39494.11
2022-02-22,38463.88
2022-02-23,39303.24
2022-02-24,39720.0
2022-02-25,39727.97
2022-02-26,40330.99
2022-02-27,39886.92
2022-02-28,44256.08
2022-03-01,44981.22
2022-03-02,45332.38
2022-03-03,44118.53
2022-03-04,42540.57
2022-03-05,39620.3
2022-03-06,39701.0
2022-03-07,39557.26
2022-03-08,39377.0
2022-03-09,42591.68
2022-03-10,42053.95
2022-03-11,40237.22
2022-03-12,39458.58
2022-03-13,39312.5
2022-03-14,39913.42
2022-03-15,39896.13
2022-03-16,41693.97
2022-03-17,41497.24
2022-03-18,42362.0
2022-03-19,42405.01
2022-03-20,42324.06
2022-03-21,41588.7
2022-03-22,43337.41
2022-03-23,43021.73
2022-03-24,44240.0
2022-03-25,45137.12
2022-03-26,44815.31
2022-03-27,46950.0
2022-03-28,48234.0
2022-03-29,48128.87
2022-03-30,47721.41
2022-03-31,47624.18
2022-04-01,46739.81
2022-04-02,47218.17
2022-04-03,47458.48
2022-04-04,46891.17
2022-04-05,47201.0
2022-04-06,45548.77
2022-04-07,43896.45
2022-04-08,43986.09
2022-04-09,42807.63
2022-04-10,43450.72
2022-04-11,42415.57
2022-04-12,40691.01
2022-04-13,41557.61
2022-04-14,41504.29
2022-04-15,40869.99
2022-04-16,40701.0
2022-04-17,40602.69
2022-04-18,41101.0
2022-04-19,41754.05
2022-04-20,42220.04
2022-04-21,42978.95
2022-04-22,40808.66
2022-04-23,39983.98
2022-04-24,39944.65
2022-04-25,40602.85
2022-04-26,40800.0
2022-04-27,39494.73
2022-04-28,40387.0
2022-04-29,39923.61
2022-04-30,38786.95
2022-05-01,38672.2
2022-05-02,39153.13
2022-05-03,38641.57
2022-05-04,40050.19
2022-05-05,39840.37
2022-05-06,36648.2
2022-05-07,36123.99
2022-05-08,35496.55
2022-05-09,34224.35
2022-05-10,32650.0
2022-05-11,32148.15
2022-05-12,30090.7
2022-05-13,30974.6
2022-05-14,30281.49
2022-05-15,31411.48
2022-05-16,31295.03
2022-05-17,30753.96
2022-05-18,30670.0
2022-05-19,30505.14
2022-05-20,30725.56
2022-05-21,29621.01
2022-05-22,30457.58
2022-05-23,30628.0
2022-05-24,29810.38
2022-05-25,30189.7
2022-05-26,29853.34
2022-05-27,29360.34
2022-05-28,29231.9
2022-05-29,29561.04
2022-05-30,32195.68
2022-05-31,32375.81
2022-06-01,31962.79
2022-06-02,30688.82
2022-06-03,30670.07
2022-06-04,29948.84
2022-06-05,30153.18
2022-06-06,31737.31
2022-06-07,31536.11
2022-06-08,31310.53
2022-06-09,30672.56
2022-06-10,30333.81
2022-06-11,29403.62
2022-06-12,28523.06
2022-06-13,26845.63
2022-06-14,23288.88
2022-06-15,22756.0
2022-06-16,22957.01
2022-06-17,21325.06
2022-06-18,20758.0
2022-06-19,20783.48
2022-06-20,21036.89
2022-06-21,21708.76
2022-06-22,20863.44
2022-06-23,21204.14
2022-06-24,21538.4
2022-06-25,21586.67
2022-06-26,21868.0
2022-06-27,21516.85
2022-06-28,21178.73
2022-06-29,20398.99
2022-06-30,20131.06
2022-07-01,20895.08
2022-07-02,19425.08
2022-07-03,19616.43
2022-07-04,20319.88
2022-07-05,20720.0
2022-07-06,20648.76
2022-07-07,21847.25
2022-07-08,22401.0
2022-07-09,21955.18
2022-07-10,21593.73
2022-07-11,20858.75
2022-07-12,20036.24
2022-07-13,20367.88
2022-07-14,20880.0
2022-07-15,21186.35
2022-07-16,21577.0
2022-07-17,21664.52
2022-07-18,22760.04
2022-07-19,23800.0
2022-07-20,24280.3
2022-07-21,23430.33
2022-07-22,23760.87
2022-07-23,23005.68
2022-07-24,23006.77
2022-07-25,22673.68
2022-07-26,21344.09
2022-07-27,23112.9
2022-07-28,24198.95
2022-07-29,24445.0
2022-07-30,24676.0
2022-07-31,24190.09
2022-08-01,23511.5
2022-08-02,23468.33
2022-08-03,23642.14
2022-08-04,23228.77
2022-08-05,23478.0
2022-08-06,23354.54
2022-08-07,23411.55
2022-08-08,24246.06
2022-08-09,23927.44
2022-08-10,24228.0
2022-08-11,24921.0
2022-08-12,24459.0
2022-08-13,24900.0
2022-08-14,25053.0
2022-08-15,25212.0
2022-08-16,24250.0
2022-08-17,24448.0
2022-08-18,23593.0
2022-08-19,23202.0
2022-08-20,21368.0
2022-08-21,21778.0
2022-08-22,21530.0
2022-08-23,21672.0
2022-08-24,21892.0
2022-08-25,21813.0
2022-08-26,21870.0
2022-08-27,20376.0
2022-08-28,20159.0
2022-08-29,20415.0
2022-08-30,20575.0
2022-08-31,20490.0
2022-09-01,20202.0
2022-09-02,20440.0
2022-09-03,20053.0
2022-09-04,20025.0
2022-09-05,20051.0
2022-09-06,20181.0
2022-09-07,19456.0
2022-09-08,19454.0
2022-09-09,21610.0
2022-09-10,21814.0
2022-09-11,21871.0
2022-09-12,22485.0
2022-09-13,22781.0
2022-09-14,20526.0
2022-09-15,20432.0
2022-09-16,19887.0
2022-09-17,20187.0
2022-09-18,20116.0
2022-09-19,19679.0
2022-09-20,19634.0
2022-09-21,19902.0
2022-09-22,19541.0
2022-09-23,19491.0
2022-09-24,19309.0
2022-09-25,19182.0
2022-09-26,19313.0
2022-09-27,20381.0
2022-09-28,19770.0
2022-09-29,19630.0
2022-09-30,20171.0
2022-10-01,19484.0
2022-10-02,19395.0
2022-10-03,19715.0
2022-10-04,20469.0
2022-10-05,20366.0
2022-10-06,20447.0
2022-10-07,20056.0
2022-10-08,19624.0
2022-10-09,19604.0
2022-10-10,19525.0
2022-10-11,19265.0
2022-10-12,19229.0
2022-10-13,19504.0
2022-10-14,19947.0
2022-10-15,19229.0
2022-10-16,19425.0
2022-10-17,19672.0
2022-10-18,19700.0
2022-10-19,19356.0
2022-10-20,19340.0
2022-10-21,19245.0
2022-10-22,19250.0
2022-10-23,19689.0
2022-10-24,19588.0
2022-10-25,20418.0
2022-10-26,21012.0
2022-10-27,20872.0
2022-10-28,20750.0
2022-10-29,21078.0
2022-10-30,20931.0
2022-10-31,20833.0
2022-11-01,20681.0
2022-11-02,20802.0
2022-11-03,20387.0
2022-11-04,21290.0
2022-11-05,21473.0
2022-11-06,21364.0
2022-11-07,21070.0
2022-11-08,20669.0
2022-11-09,18588.0
2022-11-10,18150.0
2022-11-11,17645.0
2022-11-12,17054.0
2022-11-13,17240.0
2022-11-14,17130.0
2022-11-15,17095.0
2022-11-16,16980.0
2022-11-17,16724.0
2022-11-18,16971.0
2022-11-19,16799.0
2022-11-20,16730.0
2022-11-21,16269.0
2022-11-22,16281.0
2022-11-23,16647.0
2022-11-24,16783.0
2022-11-25,16604.0
2022-11-26,16685.0
2022-11-27,16587.0
2022-11-28,16477.0
2022-11-29,16529.0
2022-11-30,17223.0
2022-12-01,17250.0
2022-12-02,17102.0
2022-12-03,17150.0
2022-12-04,17195.0
2022-12-05,17418.0
2022-12-06,17101.0
2022-12-07,17131.0
2022-12-08,17296.0
2022-12-09,17353.0
2022-12-10,17223.0
2022-12-11,17264.0
2022-12-12,17240.0
2022-12-13,18106.0
2022-12-14,18373.0
2022-12-15,17853.0
2022-12-16,17525.0
2022-12-17,16794.0
2022-12-18,16850.0
2022-12-19,16815.0
2022-12-20,17046.0
2022-12-21,16919.0
2022-12-22,16863.0
2022-12-23,16916.0
2022-12-24,16848.0
2022-12-25,16850.0
2022-12-26,16933.0
2022-12-27,16961.0
2022-12-28,16772.0
2022-12-29,16650.0
2022-12-30,16650.0
2022-12-31,16627.0
2023-01-01,16622.0
2023-01-02,16782.0
2023-01-03,16766.0
2023-01-04,16984.0
2023-01-05,16871.0
2023-01-06,17024.0
2023-01-07,16975.0
2023-01-08,17163.0
2023-01-09,17393.0
2023-01-10,17490.0
2023-01-11,17992.0
2023-01-12,19114.0
2023-01-13,19991.0
2023-01-14,21247.0
2023-01-15,21052.0
2023-01-16,21456.0
2023-01-17,21594.0
2023-01-18,21646.0
2023-01-19,21185.0
2023-01-20,22750.0
2023-01-21,23362.0
2023-01-22,23076.0
2023-01-23,23167.0
2023-01-24,23162.0
2023-01-25,23815.0
2023-01-26,23282.0
2023-01-27,23500.0
2023-01-28,23187.0
2023-01-29,23954.0
2023-01-30,23799.0
2023-01-31,23318.0
2023-02-01,23810.0
2023-02-02,24258.0
2023-02-03,23719.0
2023-02-04,23582.0
2023-02-05,23428.0
2023-02-06,23148.0
2023-02-07,23338.0
2023-02-08,23439.0
2023-02-09,23003.0
2023-02-10,21939.0
2023-02-11,21904.0
2023-02-12,22086.0
2023-02-13,21897.0
2023-02-14,22316.0
2023-02-15,24374.0
2023-02-16,25270.0
2023-02-17,25014.0
2023-02-18,24869.0
2023-02-19,25183.0
2023-02-20,25118.0
2023-02-21,25250.0
2023-02-22,24474.0
2023-02-23,24590.0
2023-02-24,24124.0
2023-02-25,23215.0
2023-02-26,23678.0
2023-02-27,23890.0
2023-02-28,23594.0
2023-03-01,23990.0
2023-03-02,23791.0
2023-03-03,23477.0
2023-03-04,22401.0
2023-03-05,22652.0
2023-03-06,22590.0
2023-03-07,22547.0
2023-03-08,22275.0
2023-03-09,21824.0
2023-03-10,20368.0
2023-03-11,20874.0
2023-03-12,22269.0
2023-03-13,24618.0
2023-03-14,26533.0
2023-03-15,25273.0
2023-03-16,25217.0
2023-03-17,27818.0
2023-03-18,27776.0
2023-03-19,28474.0
2023-03-20,28567.0
2023-03-21,28497.0
2023-03-22,28936.0
2023-03-23,28818.0
2023-03-24,29380.0
2023-03-25,27810.0
2023-03-26,28217.0
2023-03-27,28051.0
2023-03-28,27514.0
2023-03-29,28650.0
2023-03-30,29170.0
2023-03-31,28653.0
2023-04-01,28816.0
2023-04-02,28544.0
2023-04-03,28506.0
2023-04-04,28447.0
2023-04-05,28782.0
2023-04-06,28199.0
2023-04-07,28118.0
2023-04-08,28174.0
2023-04-09,28544.0
2023-04-10,29789.0
2023-04-11,30575.0
2023-04-12,30503.0
2023-04-13,30614.0
2023-04-14,31035.0
2023-04-15,30620.0
2023-04-16,30567.0
2023-04-17,30337.0
2023-04-18,30483.0
2023-04-19,30423.0
2023-04-20,29098.0
2023-04-21,28362.0
2023-04-22,27883.0
2023-04-23,27820.0
2023-04-24,27998.0
2023-04-25,28392.0
2023-04-26,30022.0
2023-04-27,29887.0
2023-04-28,29600.0
2023-04-29,29460.0
2023-04-30,29961.0
2023-05-01,29344.0
2023-05-02,28894.0
2023-05-03,29276.0
2023-05-04,29378.0
2023-05-05,29701.0
2023-05-06,29851.0
2023-05-07,29194.0
2023-05-08,28667.0
2023-05-09,27841.0
2023-05-10,28328.0
2023-05-11,27640.0
2023-05-12,27093.0
2023-05-13,27052.0
2023-05-14,27202.0
2023-05-15,27666.0
2023-05-16,27300.0
2023-05-17,27488.0
2023-05-18,27481.0
2023-05-19,27176.0
2023-05-20,27153.0
2023-05-21,27277.0
2023-05-22,27078.0
2023-05-23,27478.0
2023-05-24,27226.0
2023-05-25,26611.0
2023-05-26,26937.0
2023-05-27,26893.0
2023-05-28,27320.0
